timestamp,User Address,healthFactor,totalDepositBalanceETH,totalDebtETH,totalCollateralETH,totalLiquidationThresholdETH,averageLiquidationThreshold,TUSD Total Deposit Balance,TUSD Total Borrow Balance,TUSD Stable Borrow Balance,TUSD Variable Borrow Balance,TUSD is used as Collateral,AmmUniWBTCUSDC Total Deposit Balance,AmmUniWBTCUSDC Total Borrow Balance,AmmUniWBTCUSDC Stable Borrow Balance,AmmUniWBTCUSDC Variable Borrow Balance,AmmUniWBTCUSDC is used as Collateral,GUSD Total Deposit Balance,GUSD Total Borrow Balance,GUSD Stable Borrow Balance,GUSD Variable Borrow Balance,GUSD is used as Collateral,YFI Total Deposit Balance,YFI Total Borrow Balance,YFI Stable Borrow Balance,YFI Variable Borrow Balance,YFI is used as Collateral,BAT Total Deposit Balance,BAT Total Borrow Balance,BAT Stable Borrow Balance,BAT Variable Borrow Balance,BAT is used as Collateral,MANA Total Deposit Balance,MANA Total Borrow Balance,MANA Stable Borrow Balance,MANA Variable Borrow Balance,MANA is used as Collateral,AmmBptWBTCWETH Total Deposit Balance,AmmBptWBTCWETH Total Borrow Balance,AmmBptWBTCWETH Stable Borrow Balance,AmmBptWBTCWETH Variable Borrow Balance,AmmBptWBTCWETH is used as Collateral,UNI Total Deposit Balance,UNI Total Borrow Balance,UNI Stable Borrow Balance,UNI Variable Borrow Balance,UNI is used as Collateral,AmmWBTC Total Deposit Balance,AmmWBTC Total Borrow Balance,AmmWBTC Stable Borrow Balance,AmmWBTC Variable Borrow Balance,AmmWBTC is used as Collateral,WBTC Total Deposit Balance,WBTC Total Borrow Balance,WBTC Stable Borrow Balance,WBTC Variable Borrow Balance,WBTC is used as Collateral,AmmUniYFIWETH Total Deposit Balance,AmmUniYFIWETH Total Borrow Balance,AmmUniYFIWETH Stable Borrow Balance,AmmUniYFIWETH Variable Borrow Balance,AmmUniYFIWETH is used as Collateral,AmmUniCRVWETH Total Deposit Balance,AmmUniCRVWETH Total Borrow Balance,AmmUniCRVWETH Stable Borrow Balance,AmmUniCRVWETH Variable Borrow Balance,AmmUniCRVWETH is used as Collateral,REN Total Deposit Balance,REN Total Borrow Balance,REN Stable Borrow Balance,REN Variable Borrow Balance,REN is used as Collateral,AmmUniSNXWETH Total Deposit Balance,AmmUniSNXWETH Total Borrow Balance,AmmUniSNXWETH Stable Borrow Balance,AmmUniSNXWETH Variable Borrow Balance,AmmUniSNXWETH is used as Collateral,BUSD Total Deposit Balance,BUSD Total Borrow Balance,BUSD Stable Borrow Balance,BUSD Variable Borrow Balance,BUSD is used as Collateral,LINK Total Deposit Balance,LINK Total Borrow Balance,LINK Stable Borrow Balance,LINK Variable Borrow Balance,LINK is used as Collateral,SUSD Total Deposit Balance,SUSD Total Borrow Balance,SUSD Stable Borrow Balance,SUSD Variable Borrow Balance,SUSD is used as Collateral,AmmBptBALWETH Total Deposit Balance,AmmBptBALWETH Total Borrow Balance,AmmBptBALWETH Stable Borrow Balance,AmmBptBALWETH Variable Borrow Balance,AmmBptBALWETH is used as Collateral,AmmDAI Total Deposit Balance,AmmDAI Total Borrow Balance,AmmDAI Stable Borrow Balance,AmmDAI Variable Borrow Balance,AmmDAI is used as Collateral,DAI Total Deposit Balance,DAI Total Borrow Balance,DAI Stable Borrow Balance,DAI Variable Borrow Balance,DAI is used as Collateral,AAVE Total Deposit Balance,AAVE Total Borrow Balance,AAVE Stable Borrow Balance,AAVE Variable Borrow Balance,AAVE is used as Collateral,XSUSHI Total Deposit Balance,XSUSHI Total Borrow Balance,XSUSHI Stable Borrow Balance,XSUSHI Variable Borrow Balance,XSUSHI is used as Collateral,AmmUniRENWETH Total Deposit Balance,AmmUniRENWETH Total Borrow Balance,AmmUniRENWETH Stable Borrow Balance,AmmUniRENWETH Variable Borrow Balance,AmmUniRENWETH is used as Collateral,MKR Total Deposit Balance,MKR Total Borrow Balance,MKR Stable Borrow Balance,MKR Variable Borrow Balance,MKR is used as Collateral,AmmUSDC Total Deposit Balance,AmmUSDC Total Borrow Balance,AmmUSDC Stable Borrow Balance,AmmUSDC Variable Borrow Balance,AmmUSDC is used as Collateral,USDC Total Deposit Balance,USDC Total Borrow Balance,USDC Stable Borrow Balance,USDC Variable Borrow Balance,USDC is used as Collateral,AmmUniLINKWETH Total Deposit Balance,AmmUniLINKWETH Total Borrow Balance,AmmUniLINKWETH Stable Borrow Balance,AmmUniLINKWETH Variable Borrow Balance,AmmUniLINKWETH is used as Collateral,AmmUniDAIWETH Total Deposit Balance,AmmUniDAIWETH Total Borrow Balance,AmmUniDAIWETH Stable Borrow Balance,AmmUniDAIWETH Variable Borrow Balance,AmmUniDAIWETH is used as Collateral,AmmUniDAIUSDC Total Deposit Balance,AmmUniDAIUSDC Total Borrow Balance,AmmUniDAIUSDC Stable Borrow Balance,AmmUniDAIUSDC Variable Borrow Balance,AmmUniDAIUSDC is used as Collateral,AmmUniUSDCWETH Total Deposit Balance,AmmUniUSDCWETH Total Borrow Balance,AmmUniUSDCWETH Stable Borrow Balance,AmmUniUSDCWETH Variable Borrow Balance,AmmUniUSDCWETH is used as Collateral,AmmUniBATWETH Total Deposit Balance,AmmUniBATWETH Total Borrow Balance,AmmUniBATWETH Stable Borrow Balance,AmmUniBATWETH Variable Borrow Balance,AmmUniBATWETH is used as Collateral,BAL Total Deposit Balance,BAL Total Borrow Balance,BAL Stable Borrow Balance,BAL Variable Borrow Balance,BAL is used as Collateral,AmmUniWBTCWETH Total Deposit Balance,AmmUniWBTCWETH Total Borrow Balance,AmmUniWBTCWETH Stable Borrow Balance,AmmUniWBTCWETH Variable Borrow Balance,AmmUniWBTCWETH is used as Collateral,SNX Total Deposit Balance,SNX Total Borrow Balance,SNX Stable Borrow Balance,SNX Variable Borrow Balance,SNX is used as Collateral,WETH Total Deposit Balance,WETH Total Borrow Balance,WETH Stable Borrow Balance,WETH Variable Borrow Balance,WETH is used as Collateral,WETH Total Deposit Balance,WETH Total Borrow Balance,WETH Stable Borrow Balance,WETH Variable Borrow Balance,WETH is used as Collateral,AmmUniMKRWETH Total Deposit Balance,AmmUniMKRWETH Total Borrow Balance,AmmUniMKRWETH Stable Borrow Balance,AmmUniMKRWETH Variable Borrow Balance,AmmUniMKRWETH is used as Collateral,AmmUniUNIWETH Total Deposit Balance,AmmUniUNIWETH Total Borrow Balance,AmmUniUNIWETH Stable Borrow Balance,AmmUniUNIWETH Variable Borrow Balance,AmmUniUNIWETH is used as Collateral,CRV Total Deposit Balance,CRV Total Borrow Balance,CRV Stable Borrow Balance,CRV Variable Borrow Balance,CRV is used as Collateral,AmmUSDT Total Deposit Balance,AmmUSDT Total Borrow Balance,AmmUSDT Stable Borrow Balance,AmmUSDT Variable Borrow Balance,AmmUSDT is used as Collateral,USDT Total Deposit Balance,USDT Total Borrow Balance,USDT Stable Borrow Balance,USDT Variable Borrow Balance,USDT is used as Collateral,KNC Total Deposit Balance,KNC Total Borrow Balance,KNC Stable Borrow Balance,KNC Variable Borrow Balance,KNC is used as Collateral,AmmUniAAVEWETH Total Deposit Balance,AmmUniAAVEWETH Total Borrow Balance,AmmUniAAVEWETH Stable Borrow Balance,AmmUniAAVEWETH Variable Borrow Balance,AmmUniAAVEWETH is used as Collateral,ZRX Total Deposit Balance,ZRX Total Borrow Balance,ZRX Stable Borrow Balance,ZRX Variable Borrow Balance,ZRX is used as Collateral,ENJ Total Deposit Balance,ENJ Total Borrow Balance,ENJ Stable Borrow Balance,ENJ Variable Borrow Balance,ENJ is used as Collateral
1616025605,['0x9fef1eb4b4e78961233c95904c124520b25a3e46'],1000000,55.0884324595592,0.0,44.07074596764736,46.82516759062532,1.0454545454545454,0,0,0,0,False,0,0,0,0,False,0,0,0,0,False,0,0,0,0,False,0,0,0,0,False,0,0,0,0,False,0,0,0,0,False,0,0,0,0,False,0,0,0,0,False,0,0,0,0,False,0,0,0,0,False,0,0,0,0,False,0,0,0,0,False,0,0,0,0,False,0,0,0,0,False,0,0,0,0,False,0,0,0,0,False,0,0,0,0,False,0,0,0,0,False,0,0,0,0,False,0,0,0,0,False,0,0,0,0,False,0,0,0,0,False,0,0,0,0,False,0,0,0,0,False,100000006435,0,0,0,True,0,0,0,0,False,0,0,0,0,False,0,0,0,0,False,0,0,0,0,False,0,0,0,0,False,0,0,0,0,False,0,0,0,0,False,0,0,0,0,False,0,0,0,0,False,0,0,0,0,False,0,0,0,0,False,0,0,0,0,False,0,0,0,0,False,0,0,0,0,False,0,0,0,0,False,0,0,0,0,False,0,0,0,0,False,0,0,0,0,False,0,0,0,0,False
1616025605,['0x69a7278d83d01083618a5231bf65d5c0b8e2d8ea'],1000000,0.8749205059283379,0.0,0.6999364047426704,0.7436824300390872,0,0,0,0,0,False,0,0,0,0,False,0,0,0,0,False,0,0,0,0,False,0,0,0,0,False,0,0,0,0,False,0,0,0,0,False,0,0,0,0,False,0,0,0,0,False,0,0,0,0,False,0,0,0,0,False,0,0,0,0,False,0,0,0,0,False,0,0,0,0,False,0,0,0,0,False,0,0,0,0,False,0,0,0,0,False,0,0,0,0,False,0,0,0,0,False,0,0,0,0,False,0,0,0,0,False,0,0,0,0,False,0,0,0,0,False,0,0,0,0,False,0,0,0,0,False,1588211033,0,0,0,True,0,0,0,0,False,0,0,0,0,False,0,0,0,0,False,0,0,0,0,False,0,0,0,0,False,0,0,0,0,False,0,0,0,0,False,0,0,0,0,False,0,0,0,0,False,0,0,0,0,False,0,0,0,0,False,0,0,0,0,False,0,0,0,0,False,0,0,0,0,False,0,0,0,0,False,0,0,0,0,False,0,0,0,0,False,0,0,0,0,False,0,0,0,0,False
1616025605,['0xbe5999dd352b2a56979e17922793aa220098878f'],1000000,0.9508726295508,0.0,0.0,0.0,0,0,0,0,0,False,0,0,0,0,False,0,0,0,0,False,0,0,0,0,False,0,0,0,0,False,0,0,0,0,False,0,0,0,0,False,0,0,0,0,False,0,0,0,0,False,0,0,0,0,False,0,0,0,0,False,0,0,0,0,False,0,0,0,0,False,0,0,0,0,False,0,0,0,0,False,0,0,0,0,False,0,0,0,0,False,0,0,0,0,False,0,0,0,0,False,0,0,0,0,False,0,0,0,0,False,0,0,0,0,False,0,0,0,0,False,0,0,0,0,False,0,0,0,0,False,0,0,0,0,False,0,0,0,0,False,0,0,0,0,False,0,0,0,0,False,0,0,0,0,False,0,0,0,0,False,0,0,0,0,False,0,0,0,0,False,0,0,0,0,False,0,0,0,0,False,0,0,0,0,False,0,0,0,0,False,0,0,0,0,False,0,0,0,0,False,0,0,0,0,False,1725878264,0,0,0,True,0,0,0,0,False,0,0,0,0,False,0,0,0,0,False,0,0,0,0,False
1616025605,['0x9389d9e95f8d409b1e6ca7085f0ada92e546ee5f'],1000000,0.6325156669505032,0.0,0.37950940017030194,0.4427609668653522,0,0,0,0,0,False,0,0,0,0,False,0,0,0,0,False,0,0,0,0,False,0,0,0,0,False,0,0,0,0,False,0,0,0,0,False,0,0,0,0,False,0,0,0,0,False,0,0,0,0,False,0,0,0,0,False,0,0,0,0,False,0,0,0,0,False,0,0,0,0,False,0,0,0,0,False,0,0,0,0,False,0,0,0,0,False,0,0,0,0,False,0,0,0,0,False,0,0,0,0,False,0,0,0,0,False,0,0,0,0,False,0,0,0,0,False,0,0,0,0,False,0,0,0,0,False,0,0,0,0,False,0,0,0,0,False,10000000000000000000,0,0,0,True,0,0,0,0,False,0,0,0,0,False,0,0,0,0,False,0,0,0,0,False,0,0,0,0,False,0,0,0,0,False,0,0,0,0,False,0,0,0,0,False,0,0,0,0,False,0,0,0,0,False,0,0,0,0,False,0,0,0,0,False,0,0,0,0,False,0,0,0,0,False,0,0,0,0,False,0,0,0,0,False,0,0,0,0,False
1616025605,['0xf0ccdf7a199f291e84ff862052073f2624e13866'],1000000,255.31954009193942,0.0,0.0,0.0,0,0,0,0,0,False,0,0,0,0,False,0,0,0,0,False,0,0,0,0,False,0,0,0,0,False,0,0,0,0,False,0,0,0,0,False,0,0,0,0,False,0,0,0,0,False,0,0,0,0,False,0,0,0,0,False,0,0,0,0,False,0,0,0,0,False,0,0,0,0,False,0,0,0,0,False,0,0,0,0,False,0,0,0,0,False,0,0,0,0,False,0,0,0,0,False,0,0,0,0,False,0,0,0,0,False,0,0,0,0,False,0,0,0,0,False,0,0,0,0,False,0,0,0,0,False,0,0,0,0,False,0,0,0,0,False,0,0,0,0,False,0,0,0,0,False,0,0,0,0,False,0,0,0,0,False,0,0,0,0,False,0,0,0,0,False,0,0,0,0,False,0,0,0,0,False,0,0,0,0,False,0,0,0,0,False,0,0,0,0,False,0,0,0,0,False,0,0,0,0,False,463416898252,0,0,0,True,0,0,0,0,False,0,0,0,0,False,0,0,0,0,False,0,0,0,0,False
1616025605,['0x84723ad85d2c7721136972eef4a548b121da9c12'],3.5502813641519815,65.00424785881674,14.928394277465824,52.00339828705339,53.628504483523805,1.0192307692307692,0,0,0,0,False,0,0,0,0,False,0,0,0,0,False,0,0,0,0,False,0,0,0,0,False,0,0,0,0,False,0,0,0,0,False,0,0,0,0,False,0,0,0,0,False,0,0,0,0,False,0,0,0,0,False,0,0,0,0,False,0,0,0,0,False,0,0,0,0,False,0,0,0,0,False,0,0,0,0,False,0,0,0,0,False,0,0,0,0,False,0,0,0,0,False,0,27132668624983317074841,0,27132668624983317074841,False,0,0,0,0,False,0,0,0,0,False,0,0,0,0,False,0,0,0,0,False,0,0,0,0,False,0,0,0,0,False,0,0,0,0,False,0,0,0,0,False,0,0,0,0,False,0,0,0,0,False,0,0,0,0,False,0,0,0,0,False,0,0,0,0,False,0,0,0,0,False,65004247858816740524,0,0,0,True,65004247858816740524,0,0,0,True,0,0,0,0,False,0,0,0,0,False,0,0,0,0,False,0,0,0,0,False,0,0,0,0,False,0,0,0,0,False,0,0,0,0,False,0,0,0,0,False,0,0,0,0,False
1616025605,['0x1e0b64f7019c9dd84bc9d056da1d3c84caf0a687'],1000000,47.9,0.0,38.32,39.5175,1.0263157894736843,0,0,0,0,False,0,0,0,0,False,0,0,0,0,False,0,0,0,0,False,0,0,0,0,False,0,0,0,0,False,0,0,0,0,False,0,0,0,0,False,0,0,0,0,False,0,0,0,0,False,0,0,0,0,False,0,0,0,0,False,0,0,0,0,False,0,0,0,0,False,0,0,0,0,False,0,0,0,0,False,0,0,0,0,False,0,0,0,0,False,0,0,0,0,False,0,0,0,0,False,0,0,0,0,False,0,0,0,0,False,0,0,0,0,False,0,0,0,0,False,0,0,0,0,False,0,0,0,0,False,0,0,0,0,False,0,0,0,0,False,0,0,0,0,False,0,0,0,0,False,0,0,0,0,False,0,0,0,0,False,0,0,0,0,False,0,0,0,0,False,47900000000000000000,0,0,0,True,47900000000000000000,0,0,0,True,0,0,0,0,False,0,0,0,0,False,0,0,0,0,False,0,0,0,0,False,0,0,0,0,False,0,0,0,0,False,0,0,0,0,False,0,0,0,0,False,0,0,0,0,False
1616025605,['0x88199988d1a40ebc75c92cd29805e0dc31ef353a'],23.2440651981069,320.8650635900795,10.325216262925759,224.60554451305563,240.64879769255964,1.0714285714285714,0,0,0,0,False,0,0,0,0,False,0,0,0,0,False,0,0,0,0,False,0,0,0,0,False,0,0,0,0,False,0,0,0,0,False,0,0,0,0,False,0,0,0,0,False,0,0,0,0,False,0,0,0,0,False,0,0,0,0,False,0,0,0,0,False,0,0,0,0,False,0,0,0,0,False,19005917376421988095896,0,0,0,True,0,0,0,0,False,0,0,0,0,False,0,0,0,0,False,0,0,0,0,False,0,0,0,0,False,0,0,0,0,False,0,0,0,0,False,0,0,0,0,False,0,0,0,0,False,0,18742985535,0,18742985535,False,0,0,0,0,False,0,0,0,0,False,0,0,0,0,False,0,0,0,0,False,0,0,0,0,False,0,0,0,0,False,0,0,0,0,False,0,0,0,0,False,0,0,0,0,False,0,0,0,0,False,0,0,0,0,False,0,0,0,0,False,0,0,0,0,False,0,0,0,0,False,0,0,0,0,False,0,0,0,0,False,0,0,0,0,False,0,0,0,0,False,0,0,0,0,False
1616025605,['0x3ab7723abba980ff379ab72f0b299d21ff03c1f1'],1000000,118.14925526176123,0.0,94.51940420940899,100.42686697249704,1.0638297872340425,0,0,0,0,False,0,0,0,0,False,0,0,0,0,False,0,0,0,0,False,0,0,0,0,False,0,0,0,0,False,0,0,0,0,False,0,0,0,0,False,0,0,0,0,False,0,0,0,0,False,0,0,0,0,False,0,0,0,0,False,0,0,0,0,False,0,0,0,0,False,0,0,0,0,False,0,0,0,0,False,0,0,0,0,False,0,0,0,0,False,0,0,0,0,False,0,0,0,0,False,0,0,0,0,False,0,0,0,0,False,0,0,0,0,False,0,0,0,0,False,0,0,0,0,False,214472000000,0,0,0,True,0,0,0,0,False,0,0,0,0,False,0,0,0,0,False,0,0,0,0,False,0,0,0,0,False,0,0,0,0,False,0,0,0,0,False,0,0,0,0,False,0,0,0,0,False,0,0,0,0,False,0,0,0,0,False,0,0,0,0,False,0,0,0,0,False,0,0,0,0,False,0,0,0,0,False,0,0,0,0,False,0,0,0,0,False,0,0,0,0,False,0,0,0,0,False
1616025605,['0xb3c5ddb2c29f51d0beee0955b4edcd8e859fad4e'],1000000,8.255001072855627,0.0,6.604000858284502,7.016750911927283,1.1666666666666667,0,0,0,0,False,0,0,0,0,False,0,0,0,0,False,0,0,0,0,False,0,0,0,0,False,0,0,0,0,False,0,0,0,0,False,0,0,0,0,False,0,0,0,0,False,0,0,0,0,False,0,0,0,0,False,0,0,0,0,False,0,0,0,0,False,0,0,0,0,False,0,0,0,0,False,0,0,0,0,False,0,0,0,0,False,0,0,0,0,False,0,0,0,0,False,0,0,0,0,False,0,0,0,0,False,0,0,0,0,False,0,0,0,0,False,0,0,0,0,False,0,0,0,0,False,14985000000,0,0,0,True,0,0,0,0,False,0,0,0,0,False,0,0,0,0,False,0,0,0,0,False,0,0,0,0,False,0,0,0,0,False,0,0,0,0,False,0,0,0,0,False,0,0,0,0,False,0,0,0,0,False,0,0,0,0,False,0,0,0,0,False,0,0,0,0,False,0,0,0,0,False,0,0,0,0,False,0,0,0,0,False,0,0,0,0,False,0,0,0,0,False,0,0,0,0,False
1616025605,['0x59f652b97e462e305c524ca9af9965c641762d15'],1000000,0.0733368008558268,0.0,0.055002600641870104,0.05866944068466145,0,0,0,0,0,False,0,0,0,0,False,0,0,0,0,False,0,0,0,0,False,0,0,0,0,False,0,0,0,0,False,0,0,0,0,False,0,0,0,0,False,0,0,0,0,False,0,0,0,0,False,0,0,0,0,False,0,0,0,0,False,0,0,0,0,False,0,0,0,0,False,0,0,0,0,False,0,0,0,0,False,0,0,0,0,False,0,0,0,0,False,0,0,0,0,False,133291168403901838012,0,0,0,True,0,0,0,0,False,0,0,0,0,False,0,0,0,0,False,0,0,0,0,False,0,0,0,0,False,0,0,0,0,False,0,0,0,0,False,0,0,0,0,False,0,0,0,0,False,0,0,0,0,False,0,0,0,0,False,0,0,0,0,False,0,0,0,0,False,0,0,0,0,False,0,0,0,0,False,0,0,0,0,False,0,0,0,0,False,0,0,0,0,False,0,0,0,0,False,0,0,0,0,False,0,0,0,0,False,0,0,0,0,False,0,0,0,0,False,0,0,0,0,False,0,0,0,0,False
1616025605,['0x476ef21bf2a28e59a3605d1854a1b0a4c87c5296'],0.98634422734145,4.957958602315692,4.05537933828784,3.966366881852554,4.214264811968338,1.3333333333333333,0,0,0,0,False,0,0,0,0,False,0,0,0,0,False,0,0,0,0,False,0,0,0,0,False,0,0,0,0,False,0,0,0,0,False,0,0,0,0,False,0,0,0,0,False,0,0,0,0,False,0,0,0,0,False,0,0,0,0,False,0,0,0,0,False,0,0,0,0,False,0,0,0,0,False,0,0,0,0,False,0,0,0,0,False,0,0,0,0,False,0,0,0,0,False,0,0,0,0,False,0,0,0,0,False,0,0,0,0,False,0,0,0,0,False,0,0,0,0,False,0,0,0,0,False,9000000000,0,0,0,True,0,0,0,0,False,0,0,0,0,False,0,0,0,0,False,0,0,0,0,False,0,0,0,0,False,0,0,0,0,False,0,0,0,0,False,0,0,0,0,False,0,4055379338287840000,0,4055379338287840000,False,0,4055379338287840000,0,4055379338287840000,False,0,0,0,0,False,0,0,0,0,False,0,0,0,0,False,0,0,0,0,False,0,0,0,0,False,0,0,0,0,False,0,0,0,0,False,0,0,0,0,False,0,0,0,0,False
1616025605,['0x2988983d105436843757ce8e45be5b3af3736445'],2.201034486208518,95.27672331853965,29.9859,57.16603399112379,66.69370632297775,1.1578947368421053,0,0,0,0,False,0,0,0,0,False,0,0,0,0,False,0,0,0,0,False,0,0,0,0,False,0,0,0,0,False,0,0,0,0,False,0,0,0,0,False,0,0,0,0,False,0,0,0,0,False,0,0,0,0,False,0,0,0,0,False,0,0,0,0,False,0,0,0,0,False,0,0,0,0,False,0,0,0,0,False,0,0,0,0,False,0,0,0,0,False,0,54500000000000000000000,0,54500000000000000000000,False,0,0,0,0,False,0,0,0,0,False,0,0,0,0,False,0,0,0,0,False,0,0,0,0,False,0,0,0,0,False,0,0,0,0,False,0,0,0,0,False,0,0,0,0,False,0,0,0,0,False,1386492723211504,0,0,0,True,0,0,0,0,False,0,0,0,0,False,0,0,0,0,False,0,0,0,0,False,0,0,0,0,False,0,0,0,0,False,0,0,0,0,False,0,0,0,0,False,0,0,0,0,False,0,0,0,0,False,0,0,0,0,False,0,0,0,0,False,0,0,0,0,False,0,0,0,0,False,0,0,0,0,False
1616025605,['0x535b15fbaa0d38a2e52c64128a2f8016fe645773'],1000000,64.38906896554569,0.0,51.511255172436556,54.730708620713834,1.0588235294117647,0,0,0,0,False,0,0,0,0,False,0,0,0,0,False,0,0,0,0,False,0,0,0,0,False,0,0,0,0,False,0,0,0,0,False,0,0,0,0,False,0,0,0,0,False,0,0,0,0,False,0,0,0,0,False,0,0,0,0,False,0,0,0,0,False,0,0,0,0,False,0,0,0,0,False,0,0,0,0,False,0,0,0,0,False,0,0,0,0,False,0,0,0,0,False,0,0,0,0,False,0,0,0,0,False,0,0,0,0,False,0,0,0,0,False,0,0,0,0,False,0,0,0,0,False,116883110000,0,0,0,True,0,0,0,0,False,0,0,0,0,False,0,0,0,0,False,0,0,0,0,False,0,0,0,0,False,0,0,0,0,False,0,0,0,0,False,0,0,0,0,False,0,0,0,0,False,0,0,0,0,False,0,0,0,0,False,0,0,0,0,False,0,0,0,0,False,0,0,0,0,False,0,0,0,0,False,0,0,0,0,False,0,0,0,0,False,0,0,0,0,False,0,0,0,0,False
1616025605,['0x2d542f069644343184a431b689de5920bcdce7bc'],1000000,0.5685409669845549,0.0,0.34112458019073294,0.3695516285399607,0,0,0,0,0,False,0,0,0,0,False,0,0,0,0,False,0,0,0,0,False,0,0,0,0,False,0,0,0,0,False,0,0,0,0,False,0,0,0,0,False,0,0,0,0,False,0,0,0,0,False,0,0,0,0,False,0,0,0,0,False,0,0,0,0,False,0,0,0,0,False,0,0,0,0,False,0,0,0,0,False,0,0,0,0,False,0,0,0,0,False,0,0,0,0,False,0,0,0,0,False,0,0,0,0,False,0,0,0,0,False,0,0,0,0,False,0,0,0,0,False,0,0,0,0,False,0,0,0,0,False,0,0,0,0,False,0,0,0,0,False,0,0,0,0,False,0,0,0,0,False,0,0,0,0,False,0,0,0,0,False,0,0,0,0,False,0,0,0,0,False,0,0,0,0,False,0,0,0,0,False,0,0,0,0,False,0,0,0,0,False,0,0,0,0,False,0,0,0,0,False,0,0,0,0,False,377710361196996415392,0,0,0,True,0,0,0,0,False,0,0,0,0,False,0,0,0,0,False
1616025605,['0xf2a94804d63d6613ce619989494bbeba916cafae'],1000000,2.75442144573094,0.0,2.203537156584752,2.341258228871299,1.0,0,0,0,0,False,0,0,0,0,False,0,0,0,0,False,0,0,0,0,False,0,0,0,0,False,0,0,0,0,False,0,0,0,0,False,0,0,0,0,False,0,0,0,0,False,0,0,0,0,False,0,0,0,0,False,0,0,0,0,False,0,0,0,0,False,0,0,0,0,False,0,0,0,0,False,0,0,0,0,False,0,0,0,0,False,0,0,0,0,False,0,0,0,0,False,0,0,0,0,False,0,0,0,0,False,0,0,0,0,False,0,0,0,0,False,0,0,0,0,False,0,0,0,0,False,5000000000,0,0,0,True,0,0,0,0,False,0,0,0,0,False,0,0,0,0,False,0,0,0,0,False,0,0,0,0,False,0,0,0,0,False,0,0,0,0,False,0,0,0,0,False,0,0,0,0,False,0,0,0,0,False,0,0,0,0,False,0,0,0,0,False,0,0,0,0,False,0,0,0,0,False,0,0,0,0,False,0,0,0,0,False,0,0,0,0,False,0,0,0,0,False,0,0,0,0,False
1616025605,['0x1a97bd781cb64c74a10427d17650929986e3020b'],1000000,133.39432569104625,0.0,104.55624167626179,111.2259579608141,1.0673076923076923,0,0,0,0,False,0,0,0,0,False,0,0,0,0,False,0,0,0,0,False,0,0,0,0,False,0,0,0,0,False,0,0,0,0,False,0,0,0,0,False,0,0,0,0,False,0,0,0,0,False,0,0,0,0,False,0,0,0,0,False,0,0,0,0,False,0,0,0,0,False,0,0,0,0,False,0,0,0,0,False,0,0,0,0,False,0,0,0,0,False,0,0,0,0,False,78488508781360000000000,0,0,0,True,0,0,0,0,False,0,0,0,0,False,0,0,0,0,False,0,0,0,0,False,0,0,0,0,False,163754802845,0,0,0,True,0,0,0,0,False,0,0,0,0,False,0,0,0,0,False,0,0,0,0,False,0,0,0,0,False,0,0,0,0,False,0,0,0,0,False,0,0,0,0,False,0,0,0,0,False,0,0,0,0,False,0,0,0,0,False,0,0,0,0,False,0,0,0,0,False,0,0,0,0,False,0,0,0,0,False,0,0,0,0,False,0,0,0,0,False,0,0,0,0,False,0,0,0,0,False
1616025605,['0xd8890cbf7d6bebdb419725a4c33ed4ca1f573d1a'],1000000,1.5564822055999998,0.0,0.0,0.0,0,0,0,0,0,False,0,0,0,0,False,0,0,0,0,False,0,0,0,0,False,0,0,0,0,False,0,0,0,0,False,0,0,0,0,False,0,0,0,0,False,0,0,0,0,False,0,0,0,0,False,0,0,0,0,False,0,0,0,0,False,0,0,0,0,False,0,0,0,0,False,2822680000000000000000,0,0,0,True,0,0,0,0,False,0,0,0,0,False,0,0,0,0,False,0,0,0,0,False,0,0,0,0,False,0,0,0,0,False,0,0,0,0,False,0,0,0,0,False,0,0,0,0,False,0,0,0,0,False,0,0,0,0,False,0,0,0,0,False,0,0,0,0,False,0,0,0,0,False,0,0,0,0,False,0,0,0,0,False,0,0,0,0,False,0,0,0,0,False,0,0,0,0,False,0,0,0,0,False,0,0,0,0,False,0,0,0,0,False,0,0,0,0,False,0,0,0,0,False,0,0,0,0,False,0,0,0,0,False,0,0,0,0,False,0,0,0,0,False,0,0,0,0,False,0,0,0,0,False
1616025605,['0x6fbe6eab3053fef0da871807346b0b40e989840f'],1.9578906090383335,216.67032742449575,77.12381851311264,130.00219645469744,151.66922919714702,1.1615384615384616,0,0,0,0,False,0,0,0,0,False,0,0,0,0,False,0,0,0,0,False,0,0,0,0,False,0,0,0,0,False,0,0,0,0,False,0,0,0,0,False,0,0,0,0,False,0,0,0,0,False,0,0,0,0,False,0,0,0,0,False,0,0,0,0,False,0,0,0,0,False,0,0,0,0,False,0,0,0,0,False,0,0,0,0,False,287150935931867224465,0,0,0,True,0,0,0,0,False,0,0,0,0,False,0,0,0,0,False,0,0,0,0,False,0,0,0,0,False,0,0,0,0,False,0,140000032734,0,140000032734,False,0,0,0,0,False,0,0,0,0,False,0,0,0,0,False,0,0,0,0,False,0,0,0,0,False,0,0,0,0,False,0,0,0,0,False,0,0,0,0,False,0,0,0,0,False,0,0,0,0,False,0,0,0,0,False,0,0,0,0,False,0,0,0,0,False,0,0,0,0,False,0,0,0,0,False,0,0,0,0,False,0,0,0,0,False,0,0,0,0,False,0,0,0,0,False,0,0,0,0,False
1616025605,['0x6360ea0e3af36b7b51cf7e4f810370dd5a8cdc0f'],1.8152632407613107,6.848685208599548,2.2035371565847517,4.109211125159729,4.794079646019683,1.0,0,0,0,0,False,0,0,0,0,False,0,0,0,0,False,0,0,0,0,False,0,0,0,0,False,0,0,0,0,False,0,0,0,0,False,0,0,0,0,False,0,0,0,0,False,0,0,0,0,False,0,0,0,0,False,0,0,0,0,False,0,0,0,0,False,0,0,0,0,False,0,0,0,0,False,0,0,0,0,False,0,0,0,0,False,0,0,0,0,False,0,0,0,0,False,0,0,0,0,False,0,0,0,0,False,0,0,0,0,False,0,0,0,0,False,0,0,0,0,False,0,4000000000,0,4000000000,False,0,0,0,0,False,0,0,0,0,False,0,0,0,0,False,0,0,0,0,False,0,0,0,0,False,0,0,0,0,False,0,0,0,0,False,0,0,0,0,False,0,0,0,0,False,0,0,0,0,False,0,0,0,0,False,0,0,0,0,False,0,0,0,0,False,0,0,0,0,False,0,0,0,0,False,0,0,0,0,False,0,0,0,0,False,6541523817483725859,0,0,0,True,0,0,0,0,False,0,0,0,0,False
1616025605,['0xc5b67f12beaa7b7a106a4eddddc0d88635223915'],1000000,1.2318874473887055e-05,0.0,9.855099579109645e-06,1.0471043302803997e-05,0,0,0,0,0,False,0,0,0,0,False,0,0,0,0,False,0,0,0,0,False,0,0,0,0,False,0,0,0,0,False,0,0,0,0,False,0,0,0,0,False,0,0,0,0,False,0,0,0,0,False,0,0,0,0,False,0,0,0,0,False,0,0,0,0,False,0,0,0,0,False,0,0,0,0,False,0,0,0,0,False,0,0,0,0,False,0,0,0,0,False,0,0,0,0,False,0,0,0,0,False,0,0,0,0,False,0,0,0,0,False,0,0,0,0,False,0,0,0,0,False,0,0,0,0,False,22362,0,0,0,True,0,0,0,0,False,0,0,0,0,False,0,0,0,0,False,0,0,0,0,False,0,0,0,0,False,0,0,0,0,False,0,0,0,0,False,0,0,0,0,False,0,0,0,0,False,0,0,0,0,False,0,0,0,0,False,0,0,0,0,False,0,0,0,0,False,0,0,0,0,False,0,0,0,0,False,0,0,0,0,False,0,0,0,0,False,0,0,0,0,False,0,0,0,0,False
1616025605,['0x37924cbf92327cb554df7a9ba8bb5bab3504d2ba'],1000000,0.03862528801785,0.0,0.0,0.0,0,0,0,0,0,False,0,0,0,0,False,0,0,0,0,False,0,0,0,0,False,0,0,0,0,False,0,0,0,0,False,0,0,0,0,False,0,0,0,0,False,0,0,0,0,False,0,0,0,0,False,0,0,0,0,False,0,0,0,0,False,0,0,0,0,False,0,0,0,0,False,0,0,0,0,False,0,0,0,0,False,0,0,0,0,False,0,0,0,0,False,0,0,0,0,False,0,0,0,0,False,0,0,0,0,False,0,0,0,0,False,0,0,0,0,False,0,0,0,0,False,0,0,0,0,False,0,0,0,0,False,0,0,0,0,False,0,0,0,0,False,0,0,0,0,False,0,0,0,0,False,0,0,0,0,False,0,0,0,0,False,0,0,0,0,False,0,0,0,0,False,0,0,0,0,False,0,0,0,0,False,0,0,0,0,False,0,0,0,0,False,0,0,0,0,False,0,0,0,0,False,70106703,0,0,0,True,0,0,0,0,False,0,0,0,0,False,0,0,0,0,False,0,0,0,0,False
1616025605,['0xd17ea09521230a8d120ffd39fa9064621597c13f'],1000000,0.06868553006969974,0.0,0.0,0.0,0,0,0,0,0,False,0,0,0,0,False,0,0,0,0,False,0,0,0,0,False,0,0,0,0,False,0,0,0,0,False,0,0,0,0,False,0,0,0,0,False,0,0,0,0,False,0,0,0,0,False,0,0,0,0,False,0,0,0,0,False,0,0,0,0,False,0,0,0,0,False,0,0,0,0,False,0,0,0,0,False,124645081743249458111,0,0,0,True,0,0,0,0,False,0,0,0,0,False,0,0,0,0,False,0,0,0,0,False,0,0,0,0,False,0,0,0,0,False,0,0,0,0,False,0,0,0,0,False,0,0,0,0,False,0,0,0,0,False,0,0,0,0,False,0,0,0,0,False,0,0,0,0,False,0,0,0,0,False,0,0,0,0,False,0,0,0,0,False,0,0,0,0,False,0,0,0,0,False,0,0,0,0,False,0,0,0,0,False,0,0,0,0,False,0,0,0,0,False,0,0,0,0,False,0,0,0,0,False,0,0,0,0,False,0,0,0,0,False,0,0,0,0,False,0,0,0,0,False
1616025605,['0x5f9c6b8dd7d36aa4d3e0c079772fd236d96fb8a8'],1000000,0.1936611971309364,0.0,0.0,0.0,0,0,0,0,0,False,0,0,0,0,False,0,0,0,0,False,0,0,0,0,False,0,0,0,0,False,0,0,0,0,False,0,0,0,0,False,0,0,0,0,False,0,0,0,0,False,0,0,0,0,False,0,0,0,0,False,0,0,0,0,False,0,0,0,0,False,0,0,0,0,False,351204521292184603022,0,0,0,True,0,0,0,0,False,0,0,0,0,False,0,0,0,0,False,0,0,0,0,False,0,0,0,0,False,0,0,0,0,False,0,0,0,0,False,0,0,0,0,False,0,0,0,0,False,0,0,0,0,False,0,0,0,0,False,0,0,0,0,False,0,0,0,0,False,0,0,0,0,False,0,0,0,0,False,0,0,0,0,False,0,0,0,0,False,0,0,0,0,False,0,0,0,0,False,0,0,0,0,False,0,0,0,0,False,0,0,0,0,False,0,0,0,0,False,0,0,0,0,False,0,0,0,0,False,0,0,0,0,False,0,0,0,0,False,0,0,0,0,False,0,0,0,0,False,0,0,0,0,False
1616025605,['0x1c2e06a518148b701ca379842ac806e165961599'],1.860492685246899,100.0,44.074346892214784,80.0,82.5,1.025,0,0,0,0,False,0,0,0,0,False,0,0,0,0,False,0,0,0,0,False,0,0,0,0,False,0,0,0,0,False,0,0,0,0,False,0,0,0,0,False,0,0,0,0,False,0,0,0,0,False,0,0,0,0,False,0,0,0,0,False,0,0,0,0,False,0,0,0,0,False,0,0,0,0,False,0,0,0,0,False,0,0,0,0,False,0,0,0,0,False,0,0,0,0,False,0,0,0,0,False,0,0,0,0,False,0,0,0,0,False,0,0,0,0,False,0,0,0,0,False,0,0,0,0,False,0,80006541774,80006541774,0,False,0,0,0,0,False,0,0,0,0,False,0,0,0,0,False,0,0,0,0,False,0,0,0,0,False,0,0,0,0,False,0,0,0,0,False,0,0,0,0,False,100000000000000000000,0,0,0,True,100000000000000000000,0,0,0,True,0,0,0,0,False,0,0,0,0,False,0,0,0,0,False,0,0,0,0,False,0,0,0,0,False,0,0,0,0,False,0,0,0,0,False,0,0,0,0,False,0,0,0,0,False
1616025605,['0xb79deec031aec829ce4cf38e1d53df5b6f50668f'],1000000,1.0,0.0,0.8,0.825,0,0,0,0,0,False,0,0,0,0,False,0,0,0,0,False,0,0,0,0,False,0,0,0,0,False,0,0,0,0,False,0,0,0,0,False,0,0,0,0,False,0,0,0,0,False,0,0,0,0,False,0,0,0,0,False,0,0,0,0,False,0,0,0,0,False,0,0,0,0,False,0,0,0,0,False,0,0,0,0,False,0,0,0,0,False,0,0,0,0,False,0,0,0,0,False,0,0,0,0,False,0,0,0,0,False,0,0,0,0,False,0,0,0,0,False,0,0,0,0,False,0,0,0,0,False,0,0,0,0,False,0,0,0,0,False,0,0,0,0,False,0,0,0,0,False,0,0,0,0,False,0,0,0,0,False,0,0,0,0,False,0,0,0,0,False,0,0,0,0,False,1000000000000000000,0,0,0,True,1000000000000000000,0,0,0,True,0,0,0,0,False,0,0,0,0,False,0,0,0,0,False,0,0,0,0,False,0,0,0,0,False,0,0,0,0,False,0,0,0,0,False,0,0,0,0,False,0,0,0,0,False
1616025605,['0xe2c4e0813fe11b3729d5f48114943d7319f3cbbc'],1000000,0.8263264337192819,0.0,0.6610611469754256,0.7023774686613896,0,0,0,0,0,False,0,0,0,0,False,0,0,0,0,False,0,0,0,0,False,0,0,0,0,False,0,0,0,0,False,0,0,0,0,False,0,0,0,0,False,0,0,0,0,False,0,0,0,0,False,0,0,0,0,False,0,0,0,0,False,0,0,0,0,False,0,0,0,0,False,0,0,0,0,False,0,0,0,0,False,0,0,0,0,False,0,0,0,0,False,0,0,0,0,False,0,0,0,0,False,0,0,0,0,False,0,0,0,0,False,0,0,0,0,False,0,0,0,0,False,0,0,0,0,False,1500000000,0,0,0,True,0,0,0,0,False,0,0,0,0,False,0,0,0,0,False,0,0,0,0,False,0,0,0,0,False,0,0,0,0,False,0,0,0,0,False,0,0,0,0,False,0,0,0,0,False,0,0,0,0,False,0,0,0,0,False,0,0,0,0,False,0,0,0,0,False,0,0,0,0,False,0,0,0,0,False,0,0,0,0,False,0,0,0,0,False,0,0,0,0,False,0,0,0,0,False
1616025605,['0xd81523da11b9a55cb1b39f08bd59319e5143a910'],1000000,2.2035371565847517,0.0,1.7628297252678014,1.8730065830970388,1.0,0,0,0,0,False,0,0,0,0,False,0,0,0,0,False,0,0,0,0,False,0,0,0,0,False,0,0,0,0,False,0,0,0,0,False,0,0,0,0,False,0,0,0,0,False,0,0,0,0,False,0,0,0,0,False,0,0,0,0,False,0,0,0,0,False,0,0,0,0,False,0,0,0,0,False,0,0,0,0,False,0,0,0,0,False,0,0,0,0,False,0,0,0,0,False,0,0,0,0,False,0,0,0,0,False,0,0,0,0,False,0,0,0,0,False,0,0,0,0,False,0,0,0,0,False,4000000000,0,0,0,True,0,0,0,0,False,0,0,0,0,False,0,0,0,0,False,0,0,0,0,False,0,0,0,0,False,0,0,0,0,False,0,0,0,0,False,0,0,0,0,False,0,0,0,0,False,0,0,0,0,False,0,0,0,0,False,0,0,0,0,False,0,0,0,0,False,0,0,0,0,False,0,0,0,0,False,0,0,0,0,False,0,0,0,0,False,0,0,0,0,False,0,0,0,0,False
1616025605,['0x3e0abff177a67eaa90e87b75b0c986c08545b8bc'],1000000,3.6144837596047377,0.0,0.0,0.0,0,0,0,0,0,False,0,0,0,0,False,0,0,0,0,False,0,0,0,0,False,0,0,0,0,False,0,0,0,0,False,0,0,0,0,False,0,0,0,0,False,0,0,0,0,False,0,0,0,0,False,0,0,0,0,False,0,0,0,0,False,0,0,0,0,False,0,0,0,0,False,0,0,0,0,False,0,0,0,0,False,6559280000000000000000,0,0,0,True,0,0,0,0,False,0,0,0,0,False,0,0,0,0,False,0,0,0,0,False,0,0,0,0,False,0,0,0,0,False,0,0,0,0,False,0,0,0,0,False,0,0,0,0,False,0,0,0,0,False,0,0,0,0,False,0,0,0,0,False,0,0,0,0,False,0,0,0,0,False,0,0,0,0,False,0,0,0,0,False,0,0,0,0,False,0,0,0,0,False,0,0,0,0,False,0,0,0,0,False,0,0,0,0,False,0,0,0,0,False,0,0,0,0,False,0,0,0,0,False,0,0,0,0,False,0,0,0,0,False,0,0,0,0,False,0,0,0,0,False
1616025605,['0x21656d91e66ffae611099f91ecd8bf001dbd129c'],1000000,0.19437337025125984,0.0,0,0,0,0,0,0,0,False,0,0,0,0,False,0,0,0,0,False,0,0,0,0,False,0,0,0,0,False,0,0,0,0,False,0,0,0,0,False,0,0,0,0,False,0,0,0,0,False,0,0,0,0,False,0,0,0,0,False,0,0,0,0,False,0,0,0,0,False,0,0,0,0,False,0,0,0,0,False,0,0,0,0,False,0,0,0,0,False,0,0,0,0,False,0,0,0,0,False,0,0,0,0,False,0,0,0,0,False,0,0,0,0,False,0,0,0,0,False,0,0,0,0,False,0,0,0,0,False,352838834,0,0,0,False,0,0,0,0,False,0,0,0,0,False,0,0,0,0,False,0,0,0,0,False,0,0,0,0,False,0,0,0,0,False,0,0,0,0,False,0,0,0,0,False,0,0,0,0,False,0,0,0,0,False,0,0,0,0,False,0,0,0,0,False,0,0,0,0,False,0,0,0,0,False,0,0,0,0,False,0,0,0,0,False,0,0,0,0,False,0,0,0,0,False,0,0,0,0,False
1616025605,['0x457ffbd3d3fc5247cfafe63d407e679c583f7e95'],1000000,0.8263264337192819,0.0,0.6610611469754256,0.7023774686613896,0,0,0,0,0,False,0,0,0,0,False,0,0,0,0,False,0,0,0,0,False,0,0,0,0,False,0,0,0,0,False,0,0,0,0,False,0,0,0,0,False,0,0,0,0,False,0,0,0,0,False,0,0,0,0,False,0,0,0,0,False,0,0,0,0,False,0,0,0,0,False,0,0,0,0,False,0,0,0,0,False,0,0,0,0,False,0,0,0,0,False,0,0,0,0,False,0,0,0,0,False,0,0,0,0,False,0,0,0,0,False,0,0,0,0,False,0,0,0,0,False,0,0,0,0,False,1500000000,0,0,0,True,0,0,0,0,False,0,0,0,0,False,0,0,0,0,False,0,0,0,0,False,0,0,0,0,False,0,0,0,0,False,0,0,0,0,False,0,0,0,0,False,0,0,0,0,False,0,0,0,0,False,0,0,0,0,False,0,0,0,0,False,0,0,0,0,False,0,0,0,0,False,0,0,0,0,False,0,0,0,0,False,0,0,0,0,False,0,0,0,0,False,0,0,0,0,False
1616025605,['0x08f8793fddba2739426575561b606982617fa011'],1000000,0.12471882926580001,0.0,0.09353912194935,0.09977506341264002,0,0,0,0,0,False,0,0,0,0,False,0,0,0,0,False,0,0,0,0,False,0,0,0,0,False,0,0,0,0,False,0,0,0,0,False,0,0,0,0,False,0,0,0,0,False,0,0,0,0,False,0,0,0,0,False,0,0,0,0,False,0,0,0,0,False,0,0,0,0,False,0,0,0,0,False,0,0,0,0,False,0,0,0,0,False,0,0,0,0,False,0,0,0,0,False,226679079000000000000,0,0,0,True,0,0,0,0,False,0,0,0,0,False,0,0,0,0,False,0,0,0,0,False,0,0,0,0,False,0,0,0,0,False,0,0,0,0,False,0,0,0,0,False,0,0,0,0,False,0,0,0,0,False,0,0,0,0,False,0,0,0,0,False,0,0,0,0,False,0,0,0,0,False,0,0,0,0,False,0,0,0,0,False,0,0,0,0,False,0,0,0,0,False,0,0,0,0,False,0,0,0,0,False,0,0,0,0,False,0,0,0,0,False,0,0,0,0,False,0,0,0,0,False,0,0,0,0,False
1616025605,['0x6301add4fb128de9778b8651a2a9278b86761423'],1000000,8.253,0.0,6.18975,6.6024,1.0,0,0,0,0,False,0,0,0,0,False,0,0,0,0,False,0,0,0,0,False,0,0,0,0,False,0,0,0,0,False,0,0,0,0,False,0,0,0,0,False,0,0,0,0,False,0,0,0,0,False,0,0,0,0,False,0,0,0,0,False,0,0,0,0,False,0,0,0,0,False,0,0,0,0,False,0,0,0,0,False,0,0,0,0,False,0,0,0,0,False,0,0,0,0,False,15000000000000000000000,0,0,0,True,0,0,0,0,False,0,0,0,0,False,0,0,0,0,False,0,0,0,0,False,0,0,0,0,False,0,0,0,0,False,0,0,0,0,False,0,0,0,0,False,0,0,0,0,False,0,0,0,0,False,0,0,0,0,False,0,0,0,0,False,0,0,0,0,False,0,0,0,0,False,0,0,0,0,False,0,0,0,0,False,0,0,0,0,False,0,0,0,0,False,0,0,0,0,False,0,0,0,0,False,0,0,0,0,False,0,0,0,0,False,0,0,0,0,False,0,0,0,0,False,0,0,0,0,False
1616025605,['0xdf48e1769eecc8367df7dc3db98138fa10d1f396'],1000000,0.4,0.0,0.32000000000000006,0.33,0,0,0,0,0,False,0,0,0,0,False,0,0,0,0,False,0,0,0,0,False,0,0,0,0,False,0,0,0,0,False,0,0,0,0,False,0,0,0,0,False,0,0,0,0,False,0,0,0,0,False,0,0,0,0,False,0,0,0,0,False,0,0,0,0,False,0,0,0,0,False,0,0,0,0,False,0,0,0,0,False,0,0,0,0,False,0,0,0,0,False,0,0,0,0,False,0,0,0,0,False,0,0,0,0,False,0,0,0,0,False,0,0,0,0,False,0,0,0,0,False,0,0,0,0,False,0,0,0,0,False,0,0,0,0,False,0,0,0,0,False,0,0,0,0,False,0,0,0,0,False,0,0,0,0,False,0,0,0,0,False,0,0,0,0,False,0,0,0,0,False,400000000000000000,0,0,0,True,400000000000000000,0,0,0,True,0,0,0,0,False,0,0,0,0,False,0,0,0,0,False,0,0,0,0,False,0,0,0,0,False,0,0,0,0,False,0,0,0,0,False,0,0,0,0,False,0,0,0,0,False
1616025605,['0x9b77c35f1f7efc75f9c0dbe5f5ffd082b7cdda44'],1000000,1.904517164436201e-05,0.0,1.523613731548961e-05,1.618839589770771e-05,0,0,0,0,0,False,0,0,0,0,False,0,0,0,0,False,0,0,0,0,False,0,0,0,0,False,0,0,0,0,False,0,0,0,0,False,0,0,0,0,False,0,0,0,0,False,0,0,0,0,False,0,0,0,0,False,0,0,0,0,False,0,0,0,0,False,0,0,0,0,False,0,0,0,0,False,0,0,0,0,False,0,0,0,0,False,0,0,0,0,False,0,0,0,0,False,0,0,0,0,False,0,0,0,0,False,0,0,0,0,False,0,0,0,0,False,0,0,0,0,False,0,0,0,0,False,34572,0,0,0,True,0,0,0,0,False,0,0,0,0,False,0,0,0,0,False,0,0,0,0,False,0,0,0,0,False,0,0,0,0,False,0,0,0,0,False,0,0,0,0,False,0,0,0,0,False,0,0,0,0,False,0,0,0,0,False,0,0,0,0,False,0,0,0,0,False,0,0,0,0,False,0,0,0,0,False,0,0,0,0,False,0,0,0,0,False,0,0,0,0,False,0,0,0,0,False
1616025605,['0xbe4736749ef1e1c1e686bb161fb17cdd4aea563e'],1000000,3.5605060539447955,0.8901265134873316,0.8901265134861989,1.602227724275158,0,0,0,0,0,False,0,0,0,0,False,0,0,0,0,False,0,0,0,0,False,0,0,0,0,False,0,0,0,0,False,0,0,0,0,False,0,0,0,0,False,0,0,0,0,False,0,0,0,0,False,0,0,0,0,False,0,0,0,0,False,0,0,0,0,False,0,0,0,0,False,0,0,0,0,False,0,0,0,0,False,0,0,0,0,False,0,0,0,0,False,0,0,0,0,False,0,0,0,0,False,0,0,0,0,False,289333708028156727065,0,0,0,True,0,0,0,0,False,0,0,0,0,False,0,0,0,0,False,0,0,0,0,False,0,0,0,0,False,0,0,0,0,False,0,0,0,0,False,0,0,0,0,False,0,0,0,0,False,0,0,0,0,False,0,0,0,0,False,0,0,0,0,False,0,890126513487331663,0,890126513487331663,False,0,890126513487331663,0,890126513487331663,False,0,0,0,0,False,0,0,0,0,False,0,0,0,0,False,0,0,0,0,False,0,0,0,0,False,0,0,0,0,False,0,0,0,0,False,0,0,0,0,False,0,0,0,0,False
1616025605,['0x28ee8ba54afe95a6aca17cf4913f929fbeafd402'],1000000,0.8263264337192819,0.0,0.6610611469754256,0.7023774686613896,0,0,0,0,0,False,0,0,0,0,False,0,0,0,0,False,0,0,0,0,False,0,0,0,0,False,0,0,0,0,False,0,0,0,0,False,0,0,0,0,False,0,0,0,0,False,0,0,0,0,False,0,0,0,0,False,0,0,0,0,False,0,0,0,0,False,0,0,0,0,False,0,0,0,0,False,0,0,0,0,False,0,0,0,0,False,0,0,0,0,False,0,0,0,0,False,0,0,0,0,False,0,0,0,0,False,0,0,0,0,False,0,0,0,0,False,0,0,0,0,False,0,0,0,0,False,1500000000,0,0,0,True,0,0,0,0,False,0,0,0,0,False,0,0,0,0,False,0,0,0,0,False,0,0,0,0,False,0,0,0,0,False,0,0,0,0,False,0,0,0,0,False,0,0,0,0,False,0,0,0,0,False,0,0,0,0,False,0,0,0,0,False,0,0,0,0,False,0,0,0,0,False,0,0,0,0,False,0,0,0,0,False,0,0,0,0,False,0,0,0,0,False,0,0,0,0,False
1616025605,['0x10d92339db316d919af500f02424a10aa7ffaaf7'],1000000,88.3488316609308,0.0,0.0,0.0,0,0,0,0,0,False,0,0,0,0,False,0,0,0,0,False,0,0,0,0,False,0,0,0,0,False,0,0,0,0,False,0,0,0,0,False,0,0,0,0,False,0,0,0,0,False,0,0,0,0,False,0,0,0,0,False,0,0,0,0,False,0,0,0,0,False,0,0,0,0,False,0,0,0,0,False,0,0,0,0,False,0,0,0,0,False,0,0,0,0,False,0,0,0,0,False,0,0,0,0,False,0,0,0,0,False,0,0,0,0,False,0,0,0,0,False,0,0,0,0,False,0,0,0,0,False,0,0,0,0,False,0,0,0,0,False,0,0,0,0,False,0,0,0,0,False,0,0,0,0,False,0,0,0,0,False,0,0,0,0,False,0,0,0,0,False,0,0,0,0,False,0,0,0,0,False,0,0,0,0,False,0,0,0,0,False,0,0,0,0,False,0,0,0,0,False,0,0,0,0,False,160357258664,0,0,0,True,0,0,0,0,False,0,0,0,0,False,0,0,0,0,False,0,0,0,0,False
1616025605,['0x7cee34a12f29bd5c97b693afa70cae592151c4c4'],1000000,40.24689750055095,0.0,0.0,0.0,0,0,0,0,0,False,0,0,0,0,False,0,0,0,0,False,0,0,0,0,False,0,0,0,0,False,0,0,0,0,False,0,0,0,0,False,0,0,0,0,False,0,0,0,0,False,0,0,0,0,False,0,0,0,0,False,0,0,0,0,False,0,0,0,0,False,0,0,0,0,False,0,0,0,0,False,0,0,0,0,False,0,0,0,0,False,0,0,0,0,False,0,0,0,0,False,0,0,0,0,False,0,0,0,0,False,0,0,0,0,False,0,0,0,0,False,0,0,0,0,False,0,0,0,0,False,0,0,0,0,False,0,0,0,0,False,0,0,0,0,False,0,0,0,0,False,0,0,0,0,False,0,0,0,0,False,0,0,0,0,False,0,0,0,0,False,0,0,0,0,False,0,0,0,0,False,0,0,0,0,False,0,0,0,0,False,0,0,0,0,False,0,0,0,0,False,0,0,0,0,False,73050000001,0,0,0,True,0,0,0,0,False,0,0,0,0,False,0,0,0,0,False,0,0,0,0,False
1616025605,['0x0a602f69e4f2e05f3c6a4d0164182d6ad0262aa0'],1.9273526155275826,5.0,2.0753856703616544,4.0,4.125,1.0,0,0,0,0,False,0,0,0,0,False,0,0,0,0,False,0,0,0,0,False,0,0,0,0,False,0,0,0,0,False,0,0,0,0,False,0,119981404675504950000,0,119981404675504950000,False,0,0,0,0,False,0,0,0,0,False,0,0,0,0,False,0,0,0,0,False,0,0,0,0,False,0,0,0,0,False,0,0,0,0,False,0,0,0,0,False,0,0,0,0,False,0,0,0,0,False,0,0,0,0,False,0,0,0,0,False,0,0,0,0,False,0,0,0,0,False,0,0,0,0,False,0,0,0,0,False,0,0,0,0,False,0,0,0,0,False,0,0,0,0,False,0,0,0,0,False,0,0,0,0,False,0,0,0,0,False,0,0,0,0,False,0,0,0,0,False,0,0,0,0,False,0,0,0,0,False,5000000000000000000,0,0,0,True,5000000000000000000,0,0,0,True,0,0,0,0,False,0,0,0,0,False,0,0,0,0,False,0,0,0,0,False,0,0,0,0,False,0,0,0,0,False,0,0,0,0,False,0,0,0,0,False,0,0,0,0,False
1616025605,['0x684d714fe2fa5627bb6e9bafeaa3ebd40d21f207'],1000000,0.1703371882624432,0.0,0,0,0,0,0,0,0,False,0,0,0,0,False,0,0,0,0,False,0,0,0,0,False,0,0,0,0,False,0,0,0,0,False,0,0,0,0,False,0,0,0,0,False,0,0,0,0,False,0,0,0,0,False,0,0,0,0,False,0,0,0,0,False,0,0,0,0,False,0,0,0,0,False,0,0,0,0,False,0,0,0,0,False,0,0,0,0,False,0,0,0,0,False,0,0,0,0,False,0,0,0,0,False,810003640000000000,0,0,0,False,0,0,0,0,False,0,0,0,0,False,0,0,0,0,False,0,0,0,0,False,0,0,0,0,False,0,0,0,0,False,0,0,0,0,False,0,0,0,0,False,0,0,0,0,False,0,0,0,0,False,0,0,0,0,False,0,0,0,0,False,0,0,0,0,False,0,0,0,0,False,0,0,0,0,False,0,0,0,0,False,0,0,0,0,False,0,0,0,0,False,0,0,0,0,False,0,0,0,0,False,0,0,0,0,False,0,0,0,0,False,0,0,0,0,False,0,0,0,0,False
1616025605,['0x4e4efa52c36f3ae63eb3f66ec884eb9040d4de0a'],1000000,1.8028863400000001,0.0,1.312020438,1.389664755,1.0,0,0,0,0,False,0,0,0,0,False,0,0,0,0,False,0,0,0,0,False,0,0,0,0,False,0,0,0,0,False,0,0,0,0,False,0,0,0,0,False,0,0,0,0,False,4063900,0,0,0,True,0,0,0,0,False,0,0,0,0,False,0,0,0,0,False,0,0,0,0,False,0,0,0,0,False,0,0,0,0,False,0,0,0,0,False,0,0,0,0,False,0,0,0,0,False,0,0,0,0,False,0,0,0,0,False,0,0,0,0,False,0,0,0,0,False,0,0,0,0,False,0,0,0,0,False,0,0,0,0,False,0,0,0,0,False,0,0,0,0,False,0,0,0,0,False,0,0,0,0,False,0,0,0,0,False,0,0,0,0,False,0,0,0,0,False,0,0,0,0,False,500000000000000000,0,0,0,True,500000000000000000,0,0,0,True,0,0,0,0,False,0,0,0,0,False,0,0,0,0,False,0,0,0,0,False,0,0,0,0,False,0,0,0,0,False,0,0,0,0,False,0,0,0,0,False,0,0,0,0,False
1616025605,['0x000b79f52356189c80a9d3ada3911d4438218516'],1000000,99.35337200887028,0.0,59.61202320532217,69.5473604062092,1.1694915254237288,0,0,0,0,False,0,0,0,0,False,0,0,0,0,False,0,0,0,0,False,0,0,0,0,False,0,0,0,0,False,0,0,0,0,False,0,0,0,0,False,0,0,0,0,False,0,0,0,0,False,0,0,0,0,False,0,0,0,0,False,0,0,0,0,False,0,0,0,0,False,0,0,0,0,False,0,0,0,0,False,0,0,0,0,False,131671992651028229582,0,0,0,True,0,0,0,0,False,0,0,0,0,False,0,0,0,0,False,0,0,0,0,False,0,0,0,0,False,0,0,0,0,False,0,0,0,0,False,0,0,0,0,False,0,0,0,0,False,0,0,0,0,False,0,0,0,0,False,0,0,0,0,False,0,0,0,0,False,0,0,0,0,False,0,0,0,0,False,0,0,0,0,False,0,0,0,0,False,0,0,0,0,False,0,0,0,0,False,0,0,0,0,False,0,0,0,0,False,0,0,0,0,False,0,0,0,0,False,0,0,0,0,False,0,0,0,0,False,0,0,0,0,False,0,0,0,0,False
1616025605,['0x0bf51b6fabf521548afa46de42756e5fbb901dd5'],1000000,0.00011140643156261188,0.0,8.912514525008951e-05,9.46954668282201e-05,0,0,0,0,0,False,0,0,0,0,False,0,0,0,0,False,0,0,0,0,False,0,0,0,0,False,0,0,0,0,False,0,0,0,0,False,0,0,0,0,False,0,0,0,0,False,0,0,0,0,False,0,0,0,0,False,0,0,0,0,False,0,0,0,0,False,0,0,0,0,False,0,0,0,0,False,0,0,0,0,False,0,0,0,0,False,0,0,0,0,False,0,0,0,0,False,0,0,0,0,False,0,0,0,0,False,0,0,0,0,False,0,0,0,0,False,0,0,0,0,False,0,0,0,0,False,202232,0,0,0,True,0,0,0,0,False,0,0,0,0,False,0,0,0,0,False,0,0,0,0,False,0,0,0,0,False,0,0,0,0,False,0,0,0,0,False,0,0,0,0,False,0,0,0,0,False,0,0,0,0,False,0,0,0,0,False,0,0,0,0,False,0,0,0,0,False,0,0,0,0,False,0,0,0,0,False,0,0,0,0,False,0,0,0,0,False,0,0,0,0,False,0,0,0,0,False
1616025605,['0x313f445b7a498136bb72e6e60b5775d89bc37b40'],1000000,20.4538,0.0,15.84035,16.61304,1.0666666666666667,0,0,0,0,False,0,0,0,0,False,0,0,0,0,False,0,0,0,0,False,0,0,0,0,False,0,0,0,0,False,0,0,0,0,False,0,0,0,0,False,0,0,0,0,False,0,0,0,0,False,0,0,0,0,False,0,0,0,0,False,0,0,0,0,False,0,0,0,0,False,0,0,0,0,False,0,0,0,0,False,0,0,0,0,False,0,0,0,0,False,0,0,0,0,False,19000000000000000000000,0,0,0,True,0,0,0,0,False,0,0,0,0,False,0,0,0,0,False,0,0,0,0,False,0,0,0,0,False,0,0,0,0,False,0,0,0,0,False,0,0,0,0,False,0,0,0,0,False,0,0,0,0,False,0,0,0,0,False,0,0,0,0,False,0,0,0,0,False,0,0,0,0,False,10000000000000000000,0,0,0,True,10000000000000000000,0,0,0,True,0,0,0,0,False,0,0,0,0,False,0,0,0,0,False,0,0,0,0,False,0,0,0,0,False,0,0,0,0,False,0,0,0,0,False,0,0,0,0,False,0,0,0,0,False
1616025605,['0xe4921033947168afdb85659bf0fb0e7a7fb9e2ce'],2.0060045505338127,180.86414324562435,74.277,144.6913145964995,149.2129181776401,1.0347222222222223,0,0,0,0,False,0,0,0,0,False,0,0,0,0,False,0,0,0,0,False,0,0,0,0,False,0,0,0,0,False,0,0,0,0,False,0,0,0,0,False,0,0,0,0,False,0,0,0,0,False,0,0,0,0,False,0,0,0,0,False,0,0,0,0,False,0,0,0,0,False,0,0,0,0,False,0,0,0,0,False,0,0,0,0,False,0,0,0,0,False,0,0,0,0,False,0,135000000000000000000000,0,135000000000000000000000,False,0,0,0,0,False,0,0,0,0,False,0,0,0,0,False,0,0,0,0,False,0,0,0,0,False,0,0,0,0,False,0,0,0,0,False,0,0,0,0,False,0,0,0,0,False,0,0,0,0,False,0,0,0,0,False,0,0,0,0,False,0,0,0,0,False,0,0,0,0,False,180864143245624346295,0,0,0,True,180864143245624346295,0,0,0,True,0,0,0,0,False,0,0,0,0,False,0,0,0,0,False,0,0,0,0,False,0,0,0,0,False,0,0,0,0,False,0,0,0,0,False,0,0,0,0,False,0,0,0,0,False
1616025605,['0xdc3b2dce95ebd1e7c18eaa37780d10d240146660'],1000000,65.02571862381569,0.0,0.0,0.0,0,0,0,0,0,False,0,0,0,0,False,0,0,0,0,False,0,0,0,0,False,0,0,0,0,False,0,0,0,0,False,0,0,0,0,False,0,0,0,0,False,0,0,0,0,False,0,0,0,0,False,0,0,0,0,False,0,0,0,0,False,0,0,0,0,False,0,0,0,0,False,117924120677189254452770,0,0,0,True,0,0,0,0,False,0,0,0,0,False,0,0,0,0,False,0,0,0,0,False,0,0,0,0,False,0,0,0,0,False,0,0,0,0,False,0,0,0,0,False,0,0,0,0,False,0,0,0,0,False,0,0,0,0,False,0,0,0,0,False,0,0,0,0,False,0,0,0,0,False,0,0,0,0,False,0,0,0,0,False,0,0,0,0,False,0,0,0,0,False,0,0,0,0,False,0,0,0,0,False,0,0,0,0,False,0,0,0,0,False,0,0,0,0,False,0,0,0,0,False,0,0,0,0,False,0,0,0,0,False,0,0,0,0,False,0,0,0,0,False,0,0,0,0,False,0,0,0,0,False
1616025605,['0xfbffa95dca56269e36c7b76a7e71aec671a1911b'],1.996551411198838,79.78425933585558,27.547500000000003,47.870555601513345,55.8489815350989,1.1702127659574468,0,0,0,0,False,0,0,0,0,False,0,0,0,0,False,0,0,0,0,False,0,0,0,0,False,0,0,0,0,False,0,0,0,0,False,0,0,0,0,False,0,0,0,0,False,0,0,0,0,False,0,0,0,0,False,0,0,0,0,False,0,0,0,0,False,0,0,0,0,False,0,0,0,0,False,0,0,0,0,False,0,0,0,0,False,0,0,0,0,False,0,0,0,0,False,0,0,0,0,False,0,0,0,0,False,0,0,0,0,False,0,0,0,0,False,0,0,0,0,False,0,0,0,0,False,0,0,0,0,False,0,0,0,0,False,0,0,0,0,False,0,0,0,0,False,0,0,0,0,False,0,0,0,0,False,0,0,0,0,False,61569700758372,0,0,0,True,0,0,0,0,False,0,0,0,0,False,0,0,0,0,False,0,0,0,0,False,0,0,0,0,False,0,0,0,0,False,0,50000000000,0,50000000000,False,0,0,0,0,False,0,0,0,0,False,0,0,0,0,False,0,0,0,0,False,0,0,0,0,False
1616025605,['0x8f5d68c5a55c7a6afdc91ac52cc2b54f5a820cb1'],1000000,7.693108485892382,0.0,0.0,0.0,0,0,0,0,0,False,0,0,0,0,False,1400000,0,0,0,True,0,0,0,0,False,0,0,0,0,False,0,0,0,0,False,0,0,0,0,False,0,0,0,0,False,0,0,0,0,False,0,0,0,0,False,0,0,0,0,False,0,0,0,0,False,0,0,0,0,False,0,0,0,0,False,0,0,0,0,False,0,0,0,0,False,0,0,0,0,False,0,0,0,0,False,0,0,0,0,False,0,0,0,0,False,0,0,0,0,False,0,0,0,0,False,0,0,0,0,False,0,0,0,0,False,0,0,0,0,False,0,0,0,0,False,0,0,0,0,False,0,0,0,0,False,0,0,0,0,False,0,0,0,0,False,0,0,0,0,False,0,0,0,0,False,0,0,0,0,False,0,0,0,0,False,0,0,0,0,False,0,0,0,0,False,0,0,0,0,False,0,0,0,0,False,0,0,0,0,False,0,0,0,0,False,0,0,0,0,False,0,0,0,0,False,0,0,0,0,False,0,0,0,0,False,0,0,0,0,False
1616025605,['0xe82ff18d7a65253410e308f92668d33482c3d53e'],1000000,170.3058089389528,0.0,136.24464715116224,144.75993759810987,1.0588235294117647,0,0,0,0,False,0,0,0,0,False,0,0,0,0,False,0,0,0,0,False,0,0,0,0,False,0,0,0,0,False,0,0,0,0,False,0,0,0,0,False,0,0,0,0,False,0,0,0,0,False,0,0,0,0,False,0,0,0,0,False,0,0,0,0,False,0,0,0,0,False,0,0,0,0,False,0,0,0,0,False,0,0,0,0,False,0,0,0,0,False,0,0,0,0,False,0,0,0,0,False,0,0,0,0,False,0,0,0,0,False,0,0,0,0,False,0,0,0,0,False,0,0,0,0,False,309149874655,0,0,0,True,0,0,0,0,False,0,0,0,0,False,0,0,0,0,False,0,0,0,0,False,0,0,0,0,False,0,0,0,0,False,0,0,0,0,False,0,0,0,0,False,0,0,0,0,False,0,0,0,0,False,0,0,0,0,False,0,0,0,0,False,0,0,0,0,False,0,0,0,0,False,0,0,0,0,False,0,0,0,0,False,0,0,0,0,False,0,0,0,0,False,0,0,0,0,False
1616025605,['0x1715332aa0eb20a6ee92b59761157f9ef5617c86'],1000000,88.152,0.0,0.0,0.0,0,0,0,0,0,False,0,0,0,0,False,0,0,0,0,False,0,0,0,0,False,0,0,0,0,False,0,0,0,0,False,0,0,0,0,False,0,0,0,0,False,0,0,0,0,False,0,0,0,0,False,0,0,0,0,False,0,0,0,0,False,0,0,0,0,False,0,0,0,0,False,0,0,0,0,False,0,0,0,0,False,0,0,0,0,False,0,0,0,0,False,0,0,0,0,False,0,0,0,0,False,0,0,0,0,False,0,0,0,0,False,0,0,0,0,False,0,0,0,0,False,0,0,0,0,False,0,0,0,0,False,0,0,0,0,False,0,0,0,0,False,0,0,0,0,False,0,0,0,0,False,0,0,0,0,False,0,0,0,0,False,0,0,0,0,False,0,0,0,0,False,0,0,0,0,False,0,0,0,0,False,0,0,0,0,False,0,0,0,0,False,0,0,0,0,False,0,0,0,0,False,160000000000,0,0,0,True,0,0,0,0,False,0,0,0,0,False,0,0,0,0,False,0,0,0,0,False
1616025605,['0xfd15361ea7abaa5c9cd36c41905fb0973d731d8e'],1000000,7.0963060391161275,0.0,5.6770448312929025,6.031860133248708,1.2,0,0,0,0,False,0,0,0,0,False,0,0,0,0,False,0,0,0,0,False,0,0,0,0,False,0,0,0,0,False,0,0,0,0,False,0,0,0,0,False,0,0,0,0,False,0,0,0,0,False,0,0,0,0,False,0,0,0,0,False,0,0,0,0,False,0,0,0,0,False,0,0,0,0,False,0,0,0,0,False,0,0,0,0,False,0,0,0,0,False,0,0,0,0,False,0,0,0,0,False,0,0,0,0,False,0,0,0,0,False,0,0,0,0,False,0,0,0,0,False,0,0,0,0,False,12881663498,0,0,0,True,0,0,0,0,False,0,0,0,0,False,0,0,0,0,False,0,0,0,0,False,0,0,0,0,False,0,0,0,0,False,0,0,0,0,False,0,0,0,0,False,0,0,0,0,False,0,0,0,0,False,0,0,0,0,False,0,0,0,0,False,0,0,0,0,False,0,0,0,0,False,0,0,0,0,False,0,0,0,0,False,0,0,0,0,False,0,0,0,0,False,0,0,0,0,False
1616025605,['0x4204eec64b72467abafc7013e6fcbfd29e95fdce'],1.9220434313943286,21.520796558368474,4.682516457742598,5.3801991395921185,9.684358451265814,1.8,0,0,0,0,False,0,0,0,0,False,0,0,0,0,False,0,0,0,0,False,0,0,0,0,False,0,0,0,0,False,0,0,0,0,False,0,0,0,0,False,0,0,0,0,False,0,0,0,0,False,0,0,0,0,False,0,0,0,0,False,0,0,0,0,False,0,0,0,0,False,0,0,0,0,False,0,0,0,0,False,0,0,0,0,False,0,0,0,0,False,0,0,0,0,False,0,0,0,0,False,0,0,0,0,False,1748822154382688806634,0,0,0,True,0,0,0,0,False,0,0,0,0,False,0,0,0,0,False,0,8500000000,0,8500000000,False,0,0,0,0,False,0,0,0,0,False,0,0,0,0,False,0,0,0,0,False,0,0,0,0,False,0,0,0,0,False,0,0,0,0,False,0,0,0,0,False,0,0,0,0,False,0,0,0,0,False,0,0,0,0,False,0,0,0,0,False,0,0,0,0,False,0,0,0,0,False,0,0,0,0,False,0,0,0,0,False,0,0,0,0,False,0,0,0,0,False,0,0,0,0,False
1616025605,['0x41b96e9c6758d12a7a1f67952466b2e104532604'],1000000,6.325156669505032,0.0,3.795094001703019,4.427609668653522,1.3333333333333333,0,0,0,0,False,0,0,0,0,False,0,0,0,0,False,0,0,0,0,False,0,0,0,0,False,0,0,0,0,False,0,0,0,0,False,0,0,0,0,False,0,0,0,0,False,0,0,0,0,False,0,0,0,0,False,0,0,0,0,False,0,0,0,0,False,0,0,0,0,False,0,0,0,0,False,0,0,0,0,False,0,0,0,0,False,0,0,0,0,False,0,0,0,0,False,0,0,0,0,False,0,0,0,0,False,0,0,0,0,False,0,0,0,0,False,0,0,0,0,False,0,0,0,0,False,0,0,0,0,False,0,0,0,0,False,100000000000000000000,0,0,0,True,0,0,0,0,False,0,0,0,0,False,0,0,0,0,False,0,0,0,0,False,0,0,0,0,False,0,0,0,0,False,0,0,0,0,False,0,0,0,0,False,0,0,0,0,False,0,0,0,0,False,0,0,0,0,False,0,0,0,0,False,0,0,0,0,False,0,0,0,0,False,0,0,0,0,False,0,0,0,0,False,0,0,0,0,False
1616025605,['0x85e4939036efe496d0298dd37054e289a899d5bf'],1.4917629076249865,37.8589316882,18.76973871443042,26.50125218174,28.39419876615,1.0769230769230769,0,0,0,0,False,0,0,0,0,False,0,0,0,0,False,0,0,0,0,False,0,0,0,0,False,0,0,0,0,False,0,0,0,0,False,0,0,0,0,False,0,0,0,0,False,118087747,0,0,0,True,0,0,0,0,False,0,0,0,0,False,0,0,0,0,False,0,0,0,0,False,0,0,0,0,False,0,0,0,0,False,0,0,0,0,False,0,0,0,0,False,0,0,0,0,False,0,0,0,0,False,0,0,0,0,False,0,0,0,0,False,0,0,0,0,False,0,0,0,0,False,0,0,0,0,False,0,34072016727,0,34072016727,False,0,0,0,0,False,0,0,0,0,False,0,0,0,0,False,0,0,0,0,False,0,0,0,0,False,0,0,0,0,False,0,0,0,0,False,0,0,0,0,False,0,0,0,0,False,0,0,0,0,False,0,0,0,0,False,0,0,0,0,False,0,0,0,0,False,0,0,0,0,False,0,0,0,0,False,0,0,0,0,False,0,0,0,0,False,0,0,0,0,False,0,0,0,0,False
1616025605,['0x56446712b219fcc34a5604f5e7af5d50d65b6647'],1000000,1.3166274096365091,0.0,0.7899764457819055,0.9216391867455563,0,0,0,0,0,False,0,0,0,0,False,0,0,0,0,False,0,0,0,0,False,0,0,0,0,False,0,0,0,0,False,0,0,0,0,False,0,0,0,0,False,0,0,0,0,False,0,0,0,0,False,0,0,0,0,False,0,0,0,0,False,0,0,0,0,False,0,0,0,0,False,0,0,0,0,False,0,0,0,0,False,0,0,0,0,False,0,0,0,0,False,0,0,0,0,False,0,0,0,0,False,0,0,0,0,False,0,0,0,0,False,0,0,0,0,False,0,0,0,0,False,0,0,0,0,False,0,0,0,0,False,0,0,0,0,False,0,0,0,0,False,0,0,0,0,False,0,0,0,0,False,0,0,0,0,False,0,0,0,0,False,0,0,0,0,False,0,0,0,0,False,0,0,0,0,False,0,0,0,0,False,0,0,0,0,False,2500000000000000000,0,0,0,True,0,0,0,0,False,0,0,0,0,False,0,0,0,0,False,0,0,0,0,False,0,0,0,0,False,0,0,0,0,False,0,0,0,0,False
1616025605,['0x51a1e2b1f06623938f0ccd27b97b3b10e8f650dd'],1000000,8.18229840542432,0.0,6.1367238040682395,6.545838724339456,1.0,0,0,0,0,False,0,0,0,0,False,0,0,0,0,False,0,0,0,0,False,0,0,0,0,False,0,0,0,0,False,0,0,0,0,False,0,0,0,0,False,0,0,0,0,False,0,0,0,0,False,0,0,0,0,False,0,0,0,0,False,0,0,0,0,False,0,0,0,0,False,0,0,0,0,False,0,0,0,0,False,0,0,0,0,False,0,0,0,0,False,0,0,0,0,False,14871498374090000000000,0,0,0,True,0,0,0,0,False,0,0,0,0,False,0,0,0,0,False,0,0,0,0,False,0,0,0,0,False,0,0,0,0,False,0,0,0,0,False,0,0,0,0,False,0,0,0,0,False,0,0,0,0,False,0,0,0,0,False,0,0,0,0,False,0,0,0,0,False,0,0,0,0,False,0,0,0,0,False,0,0,0,0,False,0,0,0,0,False,0,0,0,0,False,0,0,0,0,False,0,0,0,0,False,0,0,0,0,False,0,0,0,0,False,0,0,0,0,False,0,0,0,0,False,0,0,0,0,False
1616025605,['0x6e2e1739da1038e5a47a2bfacd9e29e0a29e4f97'],1000000,2.748912602839478,0.0,2.1991300822715827,2.3365757124135564,1.0,0,0,0,0,False,0,0,0,0,False,0,0,0,0,False,0,0,0,0,False,0,0,0,0,False,0,0,0,0,False,0,0,0,0,False,0,0,0,0,False,0,0,0,0,False,0,0,0,0,False,0,0,0,0,False,0,0,0,0,False,0,0,0,0,False,0,0,0,0,False,0,0,0,0,False,0,0,0,0,False,0,0,0,0,False,0,0,0,0,False,0,0,0,0,False,0,0,0,0,False,0,0,0,0,False,0,0,0,0,False,0,0,0,0,False,0,0,0,0,False,0,0,0,0,False,4990000000,0,0,0,True,0,0,0,0,False,0,0,0,0,False,0,0,0,0,False,0,0,0,0,False,0,0,0,0,False,0,0,0,0,False,0,0,0,0,False,0,0,0,0,False,0,0,0,0,False,0,0,0,0,False,0,0,0,0,False,0,0,0,0,False,0,0,0,0,False,0,0,0,0,False,0,0,0,0,False,0,0,0,0,False,0,0,0,0,False,0,0,0,0,False,0,0,0,0,False
1616025605,['0xa8f011591e87378e5ba80047c3e3ea47be5b22b0'],1000000,0.6963547842125195,0.0,0.5222660881593897,0.5570838273700156,0,1266076588084797500000,0,0,0,True,0,0,0,0,False,0,0,0,0,False,0,0,0,0,False,0,0,0,0,False,0,0,0,0,False,0,0,0,0,False,0,0,0,0,False,0,0,0,0,False,0,0,0,0,False,0,0,0,0,False,0,0,0,0,False,0,0,0,0,False,0,0,0,0,False,0,0,0,0,False,0,0,0,0,False,0,0,0,0,False,0,0,0,0,False,0,0,0,0,False,0,0,0,0,False,0,0,0,0,False,0,0,0,0,False,0,0,0,0,False,0,0,0,0,False,0,0,0,0,False,0,0,0,0,False,0,0,0,0,False,0,0,0,0,False,0,0,0,0,False,0,0,0,0,False,0,0,0,0,False,0,0,0,0,False,0,0,0,0,False,0,0,0,0,False,0,0,0,0,False,0,0,0,0,False,0,0,0,0,False,0,0,0,0,False,0,0,0,0,False,0,0,0,0,False,0,0,0,0,False,0,0,0,0,False,0,0,0,0,False,0,0,0,0,False,0,0,0,0,False
1616025605,['0x278b99f8f14c1113371d5b2696c5bc5dd8b17fe4'],1000000,0.0,0.0,0,0,0,0,0,0,0,False,0,0,0,0,False,0,0,0,0,False,0,0,0,0,False,0,0,0,0,False,0,0,0,0,False,0,0,0,0,False,0,0,0,0,False,0,0,0,0,False,0,0,0,0,False,0,0,0,0,False,0,0,0,0,False,0,0,0,0,False,0,0,0,0,False,0,0,0,0,False,0,0,0,0,False,0,0,0,0,False,0,0,0,0,False,0,0,0,0,False,0,0,0,0,False,0,0,0,0,False,0,0,0,0,False,0,0,0,0,False,0,0,0,0,False,0,0,0,0,False,0,0,0,0,False,0,0,0,0,False,0,0,0,0,False,0,0,0,0,False,0,0,0,0,False,0,0,0,0,False,0,0,0,0,False,0,0,0,0,False,0,0,0,0,False,0,0,0,0,False,0,0,0,0,False,0,0,0,0,False,0,0,0,0,False,0,0,0,0,False,0,0,0,0,False,0,0,0,0,False,0,0,0,0,False,0,0,0,0,False,0,0,0,0,False,0,0,0,0,False
1616025605,['0xfd0d81cc089069f8cd2e31944f1916714cf53d8d'],1000000,0.0,0.0,0,0,0,0,0,0,0,False,0,0,0,0,False,0,0,0,0,False,0,0,0,0,False,0,0,0,0,False,0,0,0,0,False,0,0,0,0,False,0,0,0,0,False,0,0,0,0,False,0,0,0,0,False,0,0,0,0,False,0,0,0,0,False,0,0,0,0,False,0,0,0,0,False,0,0,0,0,False,0,0,0,0,False,0,0,0,0,False,0,0,0,0,False,0,0,0,0,False,0,0,0,0,False,0,0,0,0,False,0,0,0,0,False,0,0,0,0,False,0,0,0,0,False,0,0,0,0,False,0,0,0,0,False,0,0,0,0,False,0,0,0,0,False,0,0,0,0,False,0,0,0,0,False,0,0,0,0,False,0,0,0,0,False,0,0,0,0,False,0,0,0,0,False,0,0,0,0,False,0,0,0,0,False,0,0,0,0,False,0,0,0,0,False,0,0,0,0,False,0,0,0,0,False,0,0,0,0,False,0,0,0,0,False,0,0,0,0,False,0,0,0,0,False,0,0,0,0,False
1616025605,['0x5a373c35311e73c330cda873f3247de3ecafe982'],1000000,0.0,0.0,0,0,0,0,0,0,0,False,0,0,0,0,False,0,0,0,0,False,0,0,0,0,False,0,0,0,0,False,0,0,0,0,False,0,0,0,0,False,0,0,0,0,False,0,0,0,0,False,0,0,0,0,False,0,0,0,0,False,0,0,0,0,False,0,0,0,0,False,0,0,0,0,False,0,0,0,0,False,0,0,0,0,False,0,0,0,0,False,0,0,0,0,False,0,0,0,0,False,0,0,0,0,False,0,0,0,0,False,0,0,0,0,False,0,0,0,0,False,0,0,0,0,False,0,0,0,0,False,0,0,0,0,False,0,0,0,0,False,0,0,0,0,False,0,0,0,0,False,0,0,0,0,False,0,0,0,0,False,0,0,0,0,False,0,0,0,0,False,0,0,0,0,False,0,0,0,0,False,0,0,0,0,False,0,0,0,0,False,0,0,0,0,False,0,0,0,0,False,0,0,0,0,False,0,0,0,0,False,0,0,0,0,False,0,0,0,0,False,0,0,0,0,False,0,0,0,0,False
1616025605,['0x46c29e8a75b7952161bd75524b27553acc88e6c6'],1000000,55.095000000000006,0.0,0.0,0.0,0,0,0,0,0,False,0,0,0,0,False,0,0,0,0,False,0,0,0,0,False,0,0,0,0,False,0,0,0,0,False,0,0,0,0,False,0,0,0,0,False,0,0,0,0,False,0,0,0,0,False,0,0,0,0,False,0,0,0,0,False,0,0,0,0,False,0,0,0,0,False,0,0,0,0,False,0,0,0,0,False,0,0,0,0,False,0,0,0,0,False,0,0,0,0,False,0,0,0,0,False,0,0,0,0,False,0,0,0,0,False,0,0,0,0,False,0,0,0,0,False,0,0,0,0,False,0,0,0,0,False,0,0,0,0,False,0,0,0,0,False,0,0,0,0,False,0,0,0,0,False,0,0,0,0,False,0,0,0,0,False,0,0,0,0,False,0,0,0,0,False,0,0,0,0,False,0,0,0,0,False,0,0,0,0,False,0,0,0,0,False,0,0,0,0,False,0,0,0,0,False,100000000000,0,0,0,True,0,0,0,0,False,0,0,0,0,False,0,0,0,0,False,0,0,0,0,False
1616025605,['0x6b9100896b556cf3eb01be2c7c368f263771fe61'],1000000,0.0020512518300297893,0.0,0.0011281885065163842,0.0012307510980178735,0,0,0,0,0,False,0,0,0,0,False,0,0,0,0,False,0,0,0,0,False,0,0,0,0,False,0,0,0,0,False,0,0,0,0,False,0,0,0,0,False,0,0,0,0,False,0,0,0,0,False,0,0,0,0,False,0,0,0,0,False,0,0,0,0,False,0,0,0,0,False,0,0,0,0,False,0,0,0,0,False,0,0,0,0,False,0,0,0,0,False,0,0,0,0,False,0,0,0,0,False,0,0,0,0,False,0,0,0,0,False,0,0,0,0,False,0,0,0,0,False,0,0,0,0,False,0,0,0,0,False,0,0,0,0,False,0,0,0,0,False,0,0,0,0,False,0,0,0,0,False,0,0,0,0,False,3736766570000000000,0,0,0,True,0,0,0,0,False,0,0,0,0,False,0,0,0,0,False,0,0,0,0,False,0,0,0,0,False,0,0,0,0,False,0,0,0,0,False,0,0,0,0,False,0,0,0,0,False,0,0,0,0,False,0,0,0,0,False,0,0,0,0,False,0,0,0,0,False
1616025605,['0x96815f3766b7796555e755fef8ba40770e211700'],1.4285714285714286,15.931823196437017,7.0,9.55909391786221,10.355685077684061,1.1111111111111112,0,0,0,0,False,0,0,0,0,False,0,0,0,0,False,0,0,0,0,False,0,0,0,0,False,27473871245300000000000,0,0,0,True,0,0,0,0,False,0,0,0,0,False,0,0,0,0,False,0,0,0,0,False,0,0,0,0,False,0,0,0,0,False,0,0,0,0,False,0,0,0,0,False,0,0,0,0,False,0,0,0,0,False,0,0,0,0,False,0,0,0,0,False,0,0,0,0,False,0,0,0,0,False,0,0,0,0,False,0,0,0,0,False,0,0,0,0,False,0,0,0,0,False,0,0,0,0,False,0,0,0,0,False,0,0,0,0,False,0,0,0,0,False,0,0,0,0,False,0,0,0,0,False,0,0,0,0,False,0,0,0,0,False,0,0,0,0,False,0,0,0,0,False,0,7000000000000000000,0,7000000000000000000,False,0,7000000000000000000,0,7000000000000000000,False,0,0,0,0,False,0,0,0,0,False,0,0,0,0,False,0,0,0,0,False,0,0,0,0,False,0,0,0,0,False,0,0,0,0,False,0,0,0,0,False,0,0,0,0,False
1616025605,['0xb7ebf92a72d73582022b5b42d46d6527984a4233'],1000000,1.2721475314361811e-11,0.0,7.632885188617087e-12,8.268958954335177e-12,0,0,0,0,0,False,0,0,0,0,False,0,0,0,0,False,0,0,0,0,False,0,0,0,0,False,0,0,0,0,False,0,0,0,0,False,735449078,0,0,0,True,0,0,0,0,False,0,0,0,0,False,0,0,0,0,False,0,0,0,0,False,0,0,0,0,False,0,0,0,0,False,0,0,0,0,False,0,0,0,0,False,0,0,0,0,False,0,0,0,0,False,0,0,0,0,False,0,0,0,0,False,0,0,0,0,False,0,0,0,0,False,0,0,0,0,False,0,0,0,0,False,0,0,0,0,False,0,0,0,0,False,0,0,0,0,False,0,0,0,0,False,0,0,0,0,False,0,0,0,0,False,0,0,0,0,False,0,0,0,0,False,0,0,0,0,False,0,0,0,0,False,0,0,0,0,False,0,0,0,0,False,0,0,0,0,False,0,0,0,0,False,0,0,0,0,False,0,0,0,0,False,0,0,0,0,False,0,0,0,0,False,0,0,0,0,False,0,0,0,0,False,0,0,0,0,False
1616025605,['0xea565a57d40cf23c2fdae68196abf3d4def73c3e'],1000000,0.07277286218699955,0.0,0.05821828974959964,0.060037611304274624,0,0,0,0,0,False,0,0,0,0,False,0,0,0,0,False,0,0,0,0,False,0,0,0,0,False,0,0,0,0,False,0,0,0,0,False,0,0,0,0,False,0,0,0,0,False,0,0,0,0,False,0,0,0,0,False,0,0,0,0,False,0,0,0,0,False,0,0,0,0,False,0,0,0,0,False,0,0,0,0,False,0,0,0,0,False,0,0,0,0,False,0,0,0,0,False,0,0,0,0,False,0,0,0,0,False,0,0,0,0,False,0,0,0,0,False,0,0,0,0,False,0,0,0,0,False,0,0,0,0,False,0,0,0,0,False,0,0,0,0,False,0,0,0,0,False,0,0,0,0,False,0,0,0,0,False,0,0,0,0,False,0,0,0,0,False,0,0,0,0,False,72772862186999552,0,0,0,True,72772862186999552,0,0,0,True,0,0,0,0,False,0,0,0,0,False,0,0,0,0,False,0,0,0,0,False,0,0,0,0,False,0,0,0,0,False,0,0,0,0,False,0,0,0,0,False,0,0,0,0,False
1616025605,['0xe6def528984b6fbfa9ab694dce02af120416890f'],1000000,412.53428055,0.0,0.0,0.0,0,0,0,0,0,False,0,0,0,0,False,0,0,0,0,False,0,0,0,0,False,0,0,0,0,False,0,0,0,0,False,0,0,0,0,False,0,0,0,0,False,0,0,0,0,False,0,0,0,0,False,0,0,0,0,False,0,0,0,0,False,0,0,0,0,False,0,0,0,0,False,0,0,0,0,False,0,0,0,0,False,0,0,0,0,False,0,0,0,0,False,0,0,0,0,False,0,0,0,0,False,0,0,0,0,False,0,0,0,0,False,0,0,0,0,False,0,0,0,0,False,0,0,0,0,False,0,0,0,0,False,0,0,0,0,False,0,0,0,0,False,0,0,0,0,False,0,0,0,0,False,0,0,0,0,False,0,0,0,0,False,0,0,0,0,False,0,0,0,0,False,0,0,0,0,False,0,0,0,0,False,0,0,0,0,False,0,0,0,0,False,0,0,0,0,False,0,0,0,0,False,748769000000,0,0,0,True,0,0,0,0,False,0,0,0,0,False,0,0,0,0,False,0,0,0,0,False
